{"stat.walkOneCm":192825,"stat.leaveGame":70,"stat.useItem.minecraft.cobblestone":17,"stat.useItem.minecraft.tnt":9,"stat.jump":421,"stat.swimOneCm":6088,"stat.useItem.minecraft.sand":1,"stat.fallOneCm":10425,"stat.useItem.minecraft.item_frame":22,"stat.sprintOneCm":7192,"achievement.exploreAllBiomes":{"value":0,"progress":["Savanna Plateau","ForestHills","DesertHills","River","Forest","Plains","Desert","Savanna"]},"stat.useItem.minecraft.water_bucket":1,"stat.killEntity.Skeleton":1,"stat.entityKilledBy.raptor":2,"achievement.openInventory":129,"stat.damageTaken":1971,"stat.mobKills":11,"stat.useItem.minecraft.golden_apple":6,"stat.flyOneCm":217274,"stat.deaths":2,"stat.drop":3,"stat.mineBlock.minecraft.sand":1,"stat.playOneMinute":99574,"stat.damageDealt":865,"stat.killEntity.Zombie":1,"stat.timeSinceDeath":11757,"stat.killEntity.raptor":1,"stat.killEntity.Cow":1,"stat.useItem.minecraft.sign":18,"stat.useItem.minecraft.crafting_table":2,"stat.useItem.minecraft.spawn_egg":65,"stat.killEntity.Pig":6,"stat.mineBlock.minecraft.tallgrass":7,"stat.diveOneCm":3703}